{
    "type":"FeatureCollection",
    "features":[
        {
            "type":"Feature",
            "geometry":{
                "type":"MultiPoint",
                "coordinates":[
                    [
                        32.83604819,
                        40.0169319
                    ]
                ]
            }
        },
        {
            "type":"Feature",
            "geometry":{
                "type":"MultiPoint",
                "coordinates":[
                    [
                        32.8298979,
                        40.02567418
                    ]
                ]
            }
        }
    ]
}
