{
  "type": "Feature",
  "properties": {
    "shape": "Polygon",
    "maps": [
      "default-map"
    ],
    "name": "Unnamed Layer",
    "category": "default",
    "id": "fa4cf31e-38f2-4b00-b1ff-43ccb3b2439e"
  },
  "geometry": {
    "type": "Polygon",
    "coordinates": [
      [
        [
          4.677076,
          49.003375
        ],
        [
          4.345093,
          48.770672
        ],
        [
          4.858284,
          48.616297
        ],
        [
          5.286592,
          48.703378
        ],
        [
          5.412889,
          48.529065
        ],
        [
          4.822592,
          48.677995
        ],
        [
          5.168533,
          48.793928
        ],
        [
          5.281101,
          48.886121
        ],
        [
          4.655112,
          48.826486
        ],
        [
          4.333881,
          48.601769
        ],
        [
          4.281715,
          49.019589
        ]
      ]
    ]
  }
}
